{
  "ambient.flight.1": {
    "sounds": [
      "ambient/flight_wind"
    ],
    "category": "ambient"
  },
  "ambient.flight.2": {
    "sounds": [
      "ambient/flight_loop_3"
    ],
    "category": "ambient"
  },
  "ambient.flight.3": {
    "sounds": [
      "ambient/flight_loop_4"
    ],
    "category": "ambient"
  },
  "ambient.flight.4": {
    "sounds": [
      "ambient/flight_loop_5"
    ],
    "category": "ambient"
  },
  "ambient.flight.5": {
    "sounds": [
      "ambient/flight_loop_6"
    ],
    "category": "ambient"
  },
  "ambient.flight.6": {
    "sounds": [
      "ambient/flight_loop_7"
    ],
    "category": "ambient"
  },
  "ambient.flight.rumble": {
    "sounds": [
      "ambient/flight_rumble"
    ],
    "category": "ambient"
  },
  "ambient.flight.boost.1": {
    "sounds": [
      "ambient/boost_glide_1"
    ],
    "category": "ambient"
  },
  "ambient.flight.boost.2": {
    "sounds": [
      "ambient/boost_glide_2"
    ],
    "category": "ambient"
  },
  "ambient.step": {
    "sounds": [
      "ambient/step1",
      "ambient/step2",
      "ambient/step3",
      "ambient/step4"
    ],
    "category": "player"
  },
  "ambient.punch": {
    "sounds": [
      "ambient/punch1",
      "ambient/punch2"
    ],
    "category": "player"
  },
  "ambient.flight.boost.3": {
    "sounds": [
      "ambient/boost_glide_2"
    ],
    "category": "ambient"
  },
  
  
  
  "jump.takeoff.1": {
    "sounds": [
      "ambient/boost_glide_1"
    ],
    "category": "player"
  },
  "superhero_landing.1": {
    "sounds": [
      "suit/superhero_landing_1"
    ],
    "category": "player"
  },
  "modifier.lightning": {
    "sounds": [
      "suit/lightning_cast"
    ],
    "category": "player"
	
	
  },
  "modifier.tracking.on": {
    "sounds": [
      "suit/tracking_on"
    ],
    "category": "player"
  },
  "modifier.tracking.off": {
    "sounds": [
      "suit/tracking_off"
    ],
    "category": "player"
  },
  "modifier.sandevistan.on": {
    "sounds": [
      "suit/sandevistan_1"
    ],
    "category": "player"
  },
  
  
  
  
  
  
  "modifier.beam.star.loop": {
    "sounds": [
      "suit/star_beam_loop"
    ],
    "category": "player"
  },
  "modifier.beam.star.loop.2": {
    "sounds": [
      "suit/star_beam_loop_2"
    ],
    "category": "player"
  },
  "modifier.beam.star.loop.3": {
    "sounds": [
      "suit/star_beam_loop_3"
    ],
    "category": "player"
  },
  "modifier.beam.star.loop.4": {
    "sounds": [
      "suit/star_beam_loop_4"
    ],
    "category": "player"
  },
  
  
  "modifier.beam.star.stop": {
    "sounds": [
      "suit/star_beam_stop"
    ],
    "category": "player"
  },
  
  
  
  "modifier.beam.star.start": {
    "sounds": [
      "suit/star_beam_start"
    ],
    "category": "player"
  },
  "modifier.beam.star.start.2": {
    "sounds": [
      "suit/star_beam_start_2"
    ],
    "category": "player"
  },
  "modifier.beam.star.start.3": {
    "sounds": [
      "suit/star_beam_start_3"
    ],
    "category": "player"
  },
  "modifier.beam.star.start.4": {
    "sounds": [
      "suit/star_beam_start_4"
    ],
    "category": "player"
  },
  
  
  
  "suit.carnage.climb": {
    "sounds": [
      "suit/symbiot/symbiot_carnage_climb_1",
      "suit/symbiot/symbiot_carnage_climb_2"
    ],
    "category": "player"
  },
  "suit.carnage.unanchor": {
    "sounds": [
      "suit/symbiot/symbiot_carnage_unanchor"
    ],
    "category": "player"
  },
  "suit.carnage.enable": {
    "sounds": [
      "suit/symbiot/symbiot_tentacles_carnage_enable"
    ],
    "category": "player"
  },
  "suit.carnage.disable": {
    "sounds": [
      "suit/symbiot/symbiot_tentacles_carnage_disable"
    ],
    "category": "player"
  },
  "suit.carnage.grab": {
    "sounds": [
      "suit/symbiot/symbiot_carnage_strike_1"
    ],
    "category": "player"
  },
  "suit.carnage.jab": {
    "sounds": [
      "suit/symbiot/symbiot_carnage_strike_2"
    ],
    "category": "player"
  },
  "suit.carnage.strike": {
    "sounds": [
      "suit/symbiot/strike_start"
    ],
    "category": "player"
  },
  "suit.carnage.strike.blade": {
    "sounds": [
      "suit/symbiot/strike_charged"
    ],
    "category": "player"
  },
  "suit.carnage.symbiot.enable": {
    "sounds": [
      "suit/symbiot/symbiot_carnage_transform_on",
       "suit/symbiot/symbiot_venom_transform_on_2"
    ],
    "category": "player"
  },
  "suit.carnage.symbiot.disable": {
    "sounds": [
      "suit/symbiot/symbiot_carnage_transform_off"
    ],
    "category": "player"
  },
  
  
  "suit.venom.symbiot.enable": {
    "sounds": [
      "suit/symbiot/symbiot_venom_transform_on",
	  "suit/symbiot/symbiot_venom_transform_on_2"
    ],
    "category": "player"
  },
  "suit.venom.symbiot.disable": {
    "sounds": [
      "suit/symbiot/symbiot_venom_transform_off"
    ],
    "category": "player"
  },
  
  
  "suit.antivenom.symbiot.enable": {
    "sounds": [
      "suit/symbiot/symbiot_anti_venom_transform_on"
    ],
    "category": "player"
  },
  "suit.antivenom.symbiot.disable": {
    "sounds": [
      "suit/symbiot/symbiot_anti_venom_transform_off"
    ],
    "category": "player"
  },
  
  
  "suit.gun.beam.aim": {
    "sounds": [
      "suit/gun/minigun_aim"
    ],
    "category": "player"
  },
  "suit.gun.beam.loop": {
    "sounds": [
      "suit/gun/minigun_fire"
    ],
    "category": "player"
  },
  "suit.gun.beam.stop": {
    "sounds": [
      "suit/gun/minigun_stop"
    ],
    "category": "player"
  },

  "suit.gun.auto.loop": {
    "sounds": [
      "suit/gun/gun_fire_loop"
    ],
    "category": "player"
  },
  "suit.gun.auto.stop": {
    "sounds": [
      "suit/gun/gun_fire_stop"
    ],
    "category": "player"
  },
  

  "suit.gun.auto.loop.2": {
    "sounds": [
      "suit/gun/gun_fire_loop_2"
    ],
    "category": "player"
  },
  "suit.gun.auto.stop.2": {
    "sounds": [
      "suit/gun/gun_fire_stop_2"
    ],
    "category": "player"
  },
  "suit.gun.auto.loop.2.suppressed": {
    "sounds": [
      "suit/gun/gun_fire_loop_2_suppressed"
    ],
    "category": "player"
  },
  "suit.gun.auto.stop.2.suppressed": {
    "sounds": [
      "suit/gun/gun_fire_stop_2_suppressed"
    ],
    "category": "player"
  },
  "suit.gun.shells.loop": {
    "sounds": [
      "suit/gun/bulletshells_loop"
    ],
    "category": "player"
  },
  
  
  "suit.gun.dart.launch": {
    "sounds": [
      "suit/gun/gun_launch_dart"
    ],
    "category": "player"
  },
  
  
  
  
  
  "suit.electro.beam.start.light": {
    "sounds": [
      "suit/electro/electro_beam_start"
    ],
    "category": "player"
  },
  "suit.electro.beam.loop.light": {
    "sounds": [
      "suit/electro/electro_beam_loop"
    ],
    "category": "player"
  },
  "suit.electro.beam.loop.light_2": {
    "sounds": [
      "suit/electro/electro_beam_loop_2"
    ],
    "category": "player"
  },
  "suit.electro.beam.stop.light": {
    "sounds": [
      "suit/electro/electro_beam_stop"
    ],
    "category": "player"
  },
  
  
  "suit.electro.beam.start.heavy": {
    "sounds": [
      "suit/electro/electro_beam_start_heavy"
    ],
    "category": "player"
  },
  "suit.electro.beam.loop.heavy": {
    "sounds": [
      "suit/electro/electro_beam_loop_heavy"
    ],
    "category": "player"
  },
  "suit.electro.beam.stop.heavy": {
    "sounds": [
      "suit/electro/electro_beam_stop_heavy"
    ],
    "category": "player"
  },
  
  "suit.electro.teleport": {
    "sounds": [
      "suit/electro/electro_teleport"
    ],
    "category": "player"
  },
  
  
  "suit.fire.beam.start": {
    "sounds": [
      "suit/fire/fire_start"
    ],
    "category": "player"
  },
  "suit.fire.beam.loop": {
    "sounds": [
      "suit/fire/fire_loop"
    ],
    "category": "player"
  },
  "suit.fire.beam.stop": {
    "sounds": [
      "suit/fire/fire_stop"
    ],
    "category": "player"
  },



  "suit.beam.trickster.loop": {
    "sounds": [
      "suit/trickster/black_magic_beam_loop"
    ],
    "category": "player"
  },
  "suit.beam.trickster.stop1": {
    "sounds": [
      "suit/trickster/black_magic_beam_stop"
    ],
    "category": "player"
  },
  "suit.beam.trickster.stop2": {
    "sounds": [
      "suit/trickster/black_magic_beam_stop_2",
	  "suit/trickster/black_magic_beam_stop_3",
	  "suit/trickster/black_magic_beam_stop_4",
	  "suit/trickster/black_magic_beam_stop_5"
    ],
    "category": "player"
  },
  "suit.drain.trickster.loop": {
    "sounds": [
      "suit/trickster/black_magic_drain_loop"
    ],
    "category": "player"
  },
  "suit.aim.trickster.loop": {
    "sounds": [
      "suit/trickster/black_magic_aim"
    ],
    "category": "player"
  },
  "suit.telekinesis.trickster.loop": {
    "sounds": [
      "suit/trickster/black_magic_telekinesis"
    ],
    "category": "player"
  },
  "suit.telekinesis.trickster.grab": {
    "sounds": [
      "suit/trickster/black_magic_grab"
    ],
    "category": "player"
  },
  "suit.forcefield.trickster.loop": {
    "sounds": [
      "suit/trickster/black_magic_forcefield"
    ],
    "category": "player"
  },
  "suit.trickster.set": {
    "sounds": [
      "suit/trickster/black_magic_set"
    ],
    "category": "player"
  },
  "suit.trickster.unset": {
    "sounds": [
      "suit/trickster/black_magic_unset"
    ],
    "category": "player"
  },
  
  "suit.titan.beam.start": {
    "sounds": [
      "suit/scream_charge"
    ],
    "category": "player"
  },
  "suit.titan.beam.loop": {
    "sounds": [
      "suit/scream_1"
    ],
    "category": "player"
  },
  "suit.titan.beam.scream": {
    "sounds": [
      "suit/scream_2"
    ],
    "category": "player"
  },
  "suit.titan.beam.scream.3": {
    "sounds": [
      "suit/scream_3"
    ],
    "category": "player"
  }
}